desembolso_cobro_id,sucursal_id,sucursal_nombre,periodo_id,anio,mes_numero,desembolsos_rd,cobros_rd,balance_neto_rd
1,1,Arenoso,94,2025,1,132281631,29601344,102680287
2,2,Azua,94,2025,1,12866723,24802894,-11936171
3,3,Baní,94,2025,1,18425206,38551852,-20126646
4,4,Barahona,94,2025,1,11200008,15402647,-4202639
5,5,Bonao,94,2025,1,110444807,112996590,-2551783
6,6,Comendador,94,2025,1,12121917,17177097,-5055180
7,7,Constanza,94,2025,1,171683138,191051322,-19368184
8,8,Cotuí,94,2025,1,81945652,56005536,25940116
9,9,Dajabón,94,2025,1,37417660,26429963,10987697
10,10,El Seibo,94,2025,1,12166484,24338789,-12172305
11,11,Hato Mayor,94,2025,1,34604147,24290500,10313647
12,12,Higüey,94,2025,1,21037060,38900495,-17863435
13,13,La Vega,94,2025,1,187773944,77781554,109992390
14,14,Mao Valverde,94,2025,1,87091034,72479298,14611736
15,15,Moca,94,2025,1,61298967,49438513,11860454
16,16,Monte Plata,94,2025,1,25003141,34839291,-9836150
17,17,Montecristí,94,2025,1,43112093,28290227,14821866
18,18,Nagua,94,2025,1,67400939,38054419,29346520
19,19,Neyba,94,2025,1,10247464,26072739,-15825275
20,20,Puerto Plata,94,2025,1,48938189,40268593,8669596
21,21,Río San Juan,94,2025,1,25063372,42989980,-17926608
22,22,Salcedo,94,2025,1,20476528,163370090,-142893562
23,23,Samaná,94,2025,1,13613619,13224647,388972
24,24,San Cristóbal,94,2025,1,8162968,32203905,-24040937
25,25,San Francisco de Macorís,94,2025,1,309038537,108534403,200504134
26,26,San José de Ocoa,94,2025,1,60291484,65328791,-5037307
27,27,San José de las Matas,94,2025,1,16111729,16264200,-152471
28,28,San Juan de la Maguana,94,2025,1,68217047,39536368,28680679
29,29,Santiago,94,2025,1,149837953,170369546,-20531593
30,30,Santiago Rodríguez,94,2025,1,28082698,29181471,-1098773
31,31,Santo Domingo,94,2025,1,110728619,27750661,82977958
32,33,Villa Riva,94,2025,1,88039628,22603243,65436385
33,1,Arenoso,95,2025,2,83336293,18465900,64870393
34,2,Azua,95,2025,2,18233272,21224122,-2990850
35,3,Baní,95,2025,2,81568939,48536412,33032527
36,4,Barahona,95,2025,2,14104548,13669029,435519
37,5,Bonao,95,2025,2,17521931,37108195,-19586264
38,6,Comendador,95,2025,2,13884599,18261947,-4377348
39,7,Constanza,95,2025,2,207338112,173377951,33960161
40,8,Cotuí,95,2025,2,40916096,80085134,-39169038
41,9,Dajabón,95,2025,2,19779074,20303721,-524647
42,10,El Seibo,95,2025,2,6714662,19409911,-12695249
43,11,Hato Mayor,95,2025,2,25905774,51524620,-25618846
44,12,Higüey,95,2025,2,8207758,37658347,-29450589
45,13,La Vega,95,2025,2,48762307,103542468,-54780161
46,14,Mao Valverde,95,2025,2,49722254,122979460,-73257206
47,15,Moca,95,2025,2,38265018,53109835,-14844817
48,16,Monte Plata,95,2025,2,42960364,49698757,-6738393
49,17,Montecristí,95,2025,2,33558779,38245161,-4686382
50,18,Nagua,95,2025,2,70733691,66146861,4586830
51,19,Neyba,95,2025,2,8262505,20043610,-11781105
52,20,Puerto Plata,95,2025,2,40153931,42838012,-2684081
53,21,Río San Juan,95,2025,2,31595347,19818811,11776536
54,22,Salcedo,95,2025,2,25245778,22582952,2662826
55,23,Samaná,95,2025,2,12058720,22396935,-10338215
56,24,San Cristóbal,95,2025,2,7997254,20587516,-12590262
57,25,San Francisco de Macorís,95,2025,2,240347219,243382541,-3035322
58,26,San José de Ocoa,95,2025,2,53499161,77042387,-23543226
59,27,San José de las Matas,95,2025,2,22838272,19646075,3192197
60,28,San Juan de la Maguana,95,2025,2,25558574,45779508,-20220934
61,29,Santiago,95,2025,2,54924719,63660958,-8736239
62,30,Santiago Rodríguez,95,2025,2,37743119,27155989,10587130
63,31,Santo Domingo,95,2025,2,101220574,190372065,-89151491
64,33,Villa Riva,95,2025,2,37930427,14747147,23183280
65,1,Arenoso,96,2025,3,22904179,11541839,11362340
66,2,Azua,96,2025,3,19467636,24946615,-5478979
67,3,Baní,96,2025,3,50966814,38667347,12299467
68,4,Barahona,96,2025,3,8557363,25821696,-17264333
69,5,Bonao,96,2025,3,47175955,31531128,15644827
70,6,Comendador,96,2025,3,17050280,17304924,-254644
71,7,Constanza,96,2025,3,334179961,264185856,69994105
72,8,Cotuí,96,2025,3,68283742,61918527,6365215
73,9,Dajabón,96,2025,3,25183348,23683841,1499507
74,10,El Seibo,96,2025,3,25323131,27427219,-2104088
75,11,Hato Mayor,96,2025,3,42201996,68537411,-26335415
76,12,Higüey,96,2025,3,102434014,73702413,28731601
77,13,La Vega,96,2025,3,88346565,106952194,-18605629
78,14,Mao Valverde,96,2025,3,71496938,90316618,-18819680
79,15,Moca,96,2025,3,81705810,107967673,-26261863
80,16,Monte Plata,96,2025,3,20069291,41608476,-21539185
81,17,Montecristí,96,2025,3,56640253,102988909,-46348656
82,18,Nagua,96,2025,3,22181000,28534175,-6353175
83,19,Neyba,96,2025,3,18949609,15579733,3369876
84,20,Puerto Plata,96,2025,3,51405152,52446612,-1041460
85,21,Río San Juan,96,2025,3,16030320,29399656,-13369336
86,22,Salcedo,96,2025,3,24749419,19305991,5443428
87,23,Samaná,96,2025,3,15830883,19933715,-4102832
88,24,San Cristóbal,96,2025,3,22364487,14360853,8003634
89,25,San Francisco de Macorís,96,2025,3,86920400,73499090,13421310
90,26,San José de Ocoa,96,2025,3,22888812,79082406,-56193594
91,27,San José de las Matas,96,2025,3,16447070,13880410,2566660
92,28,San Juan de la Maguana,96,2025,3,61935910,102569714,-40633804
93,29,Santiago,96,2025,3,74827880,65684130,9143750
94,30,Santiago Rodríguez,96,2025,3,50018647,48752846,1265801
95,31,Santo Domingo,96,2025,3,315960152,381921386,-65961234
96,33,Villa Riva,96,2025,3,15264910,32176652,-16911742
97,1,Arenoso,97,2025,4,37524686,105151003,-67626317
98,2,Azua,97,2025,4,11411596,32544795,-21133199
99,3,Baní,97,2025,4,21618861,35790458,-14171597
100,4,Barahona,97,2025,4,9572644,9655282,-82638
101,5,Bonao,97,2025,4,20839498,14233909,6605589
102,6,Comendador,97,2025,4,11146867,11556129,-409262
103,7,Constanza,97,2025,4,268095068,261508867,6586201
104,8,Cotuí,97,2025,4,48345893,40883099,7462794
105,9,Dajabón,97,2025,4,21396890,25762265,-4365375
106,10,El Seibo,97,2025,4,23404391,29280723,-5876332
107,11,Hato Mayor,97,2025,4,29360305,84447311,-55087006
108,12,Higüey,97,2025,4,62269879,44398053,17871826
109,13,La Vega,97,2025,4,297665874,364881577,-67215703
110,14,Mao Valverde,97,2025,4,145046006,117258173,27787833
111,15,Moca,97,2025,4,63071466,52395953,10675513
112,16,Monte Plata,97,2025,4,24496648,41523138,-17026490
113,17,Montecristí,97,2025,4,202662237,98074325,104587912
114,18,Nagua,97,2025,4,88757521,122094817,-33337296
115,19,Neyba,97,2025,4,4876731,15866501,-10989770
116,20,Puerto Plata,97,2025,4,32999766,57069602,-24069836
117,21,Río San Juan,97,2025,4,24675121,22849817,1825304
118,22,Salcedo,97,2025,4,18714010,23376238,-4662228
119,23,Samaná,97,2025,4,12557939,16370623,-3812684
120,24,San Cristóbal,97,2025,4,7551337,12779749,-5228412
121,25,San Francisco de Macorís,97,2025,4,199269974,102565202,96704772
122,26,San José de Ocoa,97,2025,4,98957269,190173260,-91215991
123,27,San José de las Matas,97,2025,4,16287065,16972948,-685883
124,28,San Juan de la Maguana,97,2025,4,44919287,34161881,10757406
125,29,Santiago,97,2025,4,164065569,162465082,1600487
126,30,Santiago Rodríguez,97,2025,4,15606489,58226089,-42619600
127,31,Santo Domingo,97,2025,4,314482504,349477848,-34995344
128,33,Villa Riva,97,2025,4,19410627,85447367,-66036740
129,1,Arenoso,98,2025,5,79036522,180887294,-101850772
130,2,Azua,98,2025,5,17160083,32663800,-15503717
131,3,Baní,98,2025,5,64789606,41495900,23293706
132,4,Barahona,98,2025,5,12114946,17136653,-5021707
133,5,Bonao,98,2025,5,43839658,33091574,10748084
134,6,Comendador,98,2025,5,14148171,13875059,273112
135,7,Constanza,98,2025,5,111026652,126143612,-15116960
136,8,Cotuí,98,2025,5,239705806,118828917,120876889
137,9,Dajabón,98,2025,5,24832103,31455227,-6623124
138,10,El Seibo,98,2025,5,89465473,31784147,57681326
139,11,Hato Mayor,98,2025,5,32885592,34740632,-1855040
140,12,Higüey,98,2025,5,16928176,48636092,-31707916
141,13,La Vega,98,2025,5,256866835,155498901,101367934
142,14,Mao Valverde,98,2025,5,358460115,181867094,176593021
143,15,Moca,98,2025,5,34918368,52426763,-17508395
144,16,Monte Plata,98,2025,5,40679180,52557900,-11878720
145,17,Montecristí,98,2025,5,106523604,56571663,49951941
146,18,Nagua,98,2025,5,31901889,92410509,-60508620
147,19,Neyba,98,2025,5,11356281,18529867,-7173586
148,20,Puerto Plata,98,2025,5,55843256,51852306,3990950
149,21,Río San Juan,98,2025,5,64821706,99230222,-34408516
150,22,Salcedo,98,2025,5,87829761,79890651,7939110
151,23,Samaná,98,2025,5,19759491,17617594,2141897
152,24,San Cristóbal,98,2025,5,13516734,13210991,305743
153,25,San Francisco de Macorís,98,2025,5,94220624,125392837,-31172213
154,26,San José de Ocoa,98,2025,5,99596806,105169985,-5573179
155,27,San José de las Matas,98,2025,5,29948903,13696047,16252856
156,28,San Juan de la Maguana,98,2025,5,49539890,93484592,-43944702
157,29,Santiago,98,2025,5,162999886,186580064,-23580178
158,30,Santiago Rodríguez,98,2025,5,13226911,22134227,-8907316
159,31,Santo Domingo,98,2025,5,329768961,305369805,24399156
160,33,Villa Riva,98,2025,5,34451040,65782541,-31331501
161,1,Arenoso,99,2025,6,118806470,102407577,16398893
162,2,Azua,99,2025,6,22532843,26700600,-4167757
163,3,Baní,99,2025,6,27400158,34214258,-6814100
164,4,Barahona,99,2025,6,19026939,16962113,2064826
165,5,Bonao,99,2025,6,71213041,86066434,-14853393
166,6,Comendador,99,2025,6,14223745,11337913,2885832
167,7,Constanza,99,2025,6,70329219,104863780,-34534561
168,8,Cotuí,99,2025,6,72526223,70025371,2500852
169,9,Dajabón,99,2025,6,22257097,31032966,-8775869
170,10,El Seibo,99,2025,6,13259622,54142355,-40882733
171,11,Hato Mayor,99,2025,6,31823450,50982290,-19158840
172,12,Higüey,99,2025,6,30716571,31483501,-766930
173,13,La Vega,99,2025,6,232232200,135625573,96606627
174,14,Mao Valverde,99,2025,6,73220324,81977694,-8757370
175,15,Moca,99,2025,6,78326138,92984785,-14658647
176,16,Monte Plata,99,2025,6,31604121,65401677,-33797556
177,17,Montecristí,99,2025,6,64562416,61465698,3096718
178,18,Nagua,99,2025,6,80970740,80586997,383743
179,19,Neyba,99,2025,6,11932836,14228396,-2295560
180,20,Puerto Plata,99,2025,6,33352350,46990787,-13638437
181,21,Río San Juan,99,2025,6,40942222,31038168,9904054
182,22,Salcedo,99,2025,6,43239703,73358074,-30118371
183,23,Samaná,99,2025,6,17124952,18603586,-1478634
184,24,San Cristóbal,99,2025,6,8949507,16314329,-7364822
185,25,San Francisco de Macorís,99,2025,6,147219741,144314713,2905028
186,26,San José de Ocoa,99,2025,6,75050041,64840627,10209414
187,27,San José de las Matas,99,2025,6,28603126,16205841,12397285
188,28,San Juan de la Maguana,99,2025,6,45524643,50633675,-5109032
189,29,Santiago,99,2025,6,115355978,119576183,-4220205
190,30,Santiago Rodríguez,99,2025,6,14611789,24171441,-9559652
191,31,Santo Domingo,99,2025,6,214479808,261943588,-47463780
192,33,Villa Riva,99,2025,6,30024779,38631577,-8606798
193,1,Arenoso,100,2025,7,86403380,31111643,55291737
194,2,Azua,100,2025,7,95670816,44592827,51077989
195,3,Baní,100,2025,7,44489524,36601005,7888519
196,4,Barahona,100,2025,7,9690650,56657879,-46967229
197,5,Bonao,100,2025,7,49681283,35891084,13790199
198,6,Comendador,100,2025,7,30952112,22176508,8775604
199,7,Constanza,100,2025,7,55508053,81029701,-25521648
200,8,Cotuí,100,2025,7,189652992,173110359,16542633
201,9,Dajabón,100,2025,7,33576284,31979777,1596507
202,10,El Seibo,100,2025,7,44327893,18141004,26186889
203,11,Hato Mayor,100,2025,7,27366678,29284885,-1918207
204,12,Higüey,100,2025,7,35229987,45182277,-9952290
205,13,La Vega,100,2025,7,205597618,159076821,46520797
206,14,Mao Valverde,100,2025,7,192169321,158379732,33789589
207,15,Moca,100,2025,7,56245731,46378000,9867731
208,16,Monte Plata,100,2025,7,142394042,39594278,102799764
209,17,Montecristí,100,2025,7,79180942,47272581,31908361
210,18,Nagua,100,2025,7,94984500,37217117,57767383
211,19,Neyba,100,2025,7,12750435,13437421,-686986
212,20,Puerto Plata,100,2025,7,52994084,57708197,-4714113
213,21,Río San Juan,100,2025,7,43489247,70276834,-26787587
214,22,Salcedo,100,2025,7,23012572,23561326,-548754
215,23,Samaná,100,2025,7,21314115,19111855,2202260
216,24,San Cristóbal,100,2025,7,20240162,27593752,-7353590
217,25,San Francisco de Macorís,100,2025,7,114454443,86384502,28069941
218,26,San José de Ocoa,100,2025,7,176944898,140585056,36359842
219,27,San José de las Matas,100,2025,7,25188095,15483993,9704102
220,28,San Juan de la Maguana,100,2025,7,116643737,43818688,72825049
221,29,Santiago,100,2025,7,188164898,192698315,-4533417
222,30,Santiago Rodríguez,100,2025,7,25120570,31271227,-6150657
223,31,Santo Domingo,100,2025,7,119207063,301859917,-182652854
224,33,Villa Riva,100,2025,7,48829578,74561896,-25732318
225,1,Arenoso,101,2025,8,29438452,51652292,-22213840
226,2,Azua,101,2025,8,126288571,100241746,26046825
227,3,Baní,101,2025,8,209427274,72787212,136640062
228,4,Barahona,101,2025,8,9184403,14418238,-5233835
229,5,Bonao,101,2025,8,35131485,36255543,-1124058
230,6,Comendador,101,2025,8,13929240,13876307,52933
231,7,Constanza,101,2025,8,70236718,36585450,33651268
232,8,Cotuí,101,2025,8,57492755,44961840,12530915
233,9,Dajabón,101,2025,8,33253742,20603442,12650300
234,10,El Seibo,101,2025,8,9995161,31515679,-21520518
235,11,Hato Mayor,101,2025,8,175190839,170436666,4754173
236,12,Higüey,101,2025,8,15704632,43914335,-28209703
237,13,La Vega,101,2025,8,301418694,179832368,121586326
238,14,Mao Valverde,101,2025,8,197654806,156082850,41571956
239,15,Moca,101,2025,8,31713197,51102886,-19389689
240,16,Monte Plata,101,2025,8,49458342,91692823,-42234481
241,17,Montecristí,101,2025,8,79974668,65381465,14593203
242,18,Nagua,101,2025,8,25090400,29355512,-4265112
243,19,Neyba,101,2025,8,8269751,12690321,-4420570
244,20,Puerto Plata,101,2025,8,28791166,33590226,-4799060
245,21,Río San Juan,101,2025,8,24769870,21986136,2783734
246,22,Salcedo,101,2025,8,11173903,29754066,-18580163
247,23,Samaná,101,2025,8,17237654,10962382,6275272
248,24,San Cristóbal,101,2025,8,18923673,14442605,4481068
249,25,San Francisco de Macorís,101,2025,8,40804764,122150108,-81345344
250,26,San José de Ocoa,101,2025,8,90152543,76245748,13906795
251,27,San José de las Matas,101,2025,8,18880916,12463188,6417728
252,28,San Juan de la Maguana,101,2025,8,136393153,24276270,112116883
253,29,Santiago,101,2025,8,102150915,120661946,-18511031
254,30,Santiago Rodríguez,101,2025,8,16919294,31791362,-14872068
255,31,Santo Domingo,101,2025,8,218796163,169232408,49563755
256,33,Villa Riva,101,2025,8,114748777,143066513,-28317736
257,1,Arenoso,102,2025,9,9817801,58185304,-48367503
258,2,Azua,102,2025,9,19874766,12250515,7624251
259,3,Baní,102,2025,9,60441669,55437601,5004068
260,4,Barahona,102,2025,9,5325948,13689094,-8363146
261,5,Bonao,102,2025,9,14269524,18767187,-4497663
262,6,Comendador,102,2025,9,17636299,8665331,8970968
263,7,Constanza,102,2025,9,91073064,65727280,25345784
264,8,Cotuí,102,2025,9,40758328,48303389,-7545061
265,9,Dajabón,102,2025,9,19911387,16989735,2921652
266,10,El Seibo,102,2025,9,10346511,40111576,-29765065
267,11,Hato Mayor,102,2025,9,8497924,22159464,-13661540
268,12,Higüey,102,2025,9,12488574,29658817,-17170243
269,13,La Vega,102,2025,9,208781996,139979750,68802246
270,14,Mao Valverde,102,2025,9,165381855,148916836,16465019
271,15,Moca,102,2025,9,156576040,181563981,-24987941
272,16,Monte Plata,102,2025,9,45659714,50282863,-4623149
273,17,Montecristí,102,2025,9,19200608,54570214,-35369606
274,18,Nagua,102,2025,9,77842800,87588029,-9745229
275,19,Neyba,102,2025,9,15048780,16702313,-1653533
276,20,Puerto Plata,102,2025,9,35563547,33691245,1872302
277,21,Río San Juan,102,2025,9,14256315,29716968,-15460653
278,22,Salcedo,102,2025,9,47670605,162688015,-115017410
279,23,Samaná,102,2025,9,11337238,16626290,-5289052
280,24,San Cristóbal,102,2025,9,15792774,4974683,10818091
281,25,San Francisco de Macorís,102,2025,9,90690828,143889255,-53198427
282,26,San José de Ocoa,102,2025,9,89313141,60545364,28767777
283,27,San José de las Matas,102,2025,9,64540743,12525368,52015375
284,28,San Juan de la Maguana,102,2025,9,23827838,18587591,5240247
285,29,Santiago,102,2025,9,69479364,117817136,-48337772
286,30,Santiago Rodríguez,102,2025,9,22359556,29646999,-7287443
287,31,Santo Domingo,102,2025,9,141176537,30989206,110187331
288,33,Villa Riva,102,2025,9,18841963,32989042,-14147079
289,1,Arenoso,103,2025,10,12973506,33125177,-20151671
290,2,Azua,103,2025,10,15128980,17772450,-2643470
291,3,Baní,103,2025,10,144374605,129434455,14940150
292,4,Barahona,103,2025,10,7999765,14326035,-6326270
293,5,Bonao,103,2025,10,64070499,43735871,20334628
294,6,Comendador,103,2025,10,7446739,18396019,-10949280
295,7,Constanza,103,2025,10,63030101,76633982,-13603881
296,8,Cotuí,103,2025,10,39859474,55854868,-15995394
297,9,Dajabón,103,2025,10,18684924,28401726,-9716802
298,10,El Seibo,103,2025,10,32555003,25822412,6732591
299,11,Hato Mayor,103,2025,10,13360303,31124664,-17764361
300,12,Higüey,103,2025,10,16413678,44445400,-28031722
301,13,La Vega,103,2025,10,80848155,95641907,-14793752
302,14,Mao Valverde,103,2025,10,51039476,92967386,-41927910
303,15,Moca,103,2025,10,100484137,110946262,-10462125
304,16,Monte Plata,103,2025,10,23435876,28793312,-5357436
305,17,Montecristí,103,2025,10,31614641,54610646,-22996005
306,18,Nagua,103,2025,10,18460121,29915924,-11455803
307,19,Neyba,103,2025,10,6764342,11190286,-4425944
308,20,Puerto Plata,103,2025,10,50117159,40648771,9468388
309,21,Río San Juan,103,2025,10,24626855,36272933,-11646078
310,22,Salcedo,103,2025,10,10402576,30406990,-20004414
311,23,Samaná,103,2025,10,21627924,15372026,6255898
312,24,San Cristóbal,103,2025,10,10561883,7891574,2670309
313,25,San Francisco de Macorís,103,2025,10,89970471,122249358,-32278887
314,26,San José de Ocoa,103,2025,10,94746558,140993740,-46247182
315,27,San José de las Matas,103,2025,10,20191850,15271277,4920573
316,28,San Juan de la Maguana,103,2025,10,45680639,36268881,9411758
317,29,Santiago,103,2025,10,122784832,81397126,41387706
318,30,Santiago Rodríguez,103,2025,10,25623196,29419636,-3796440
319,31,Santo Domingo,103,2025,10,222283253,263106321,-40823068
320,33,Villa Riva,103,2025,10,10283127,17546208,-7263081
321,1,Arenoso,104,2025,11,56362879,69944608,-13581729
322,2,Azua,104,2025,11,26820303,21124059,5696244
323,3,Baní,104,2025,11,28759185,17534339,11224846
324,4,Barahona,104,2025,11,8623606,12084296,-3460690
325,5,Bonao,104,2025,11,60860490,66163057,-5302567
326,6,Comendador,104,2025,11,14963249,16682546,-1719297
327,7,Constanza,104,2025,11,38749455,59679978,-20930523
328,8,Cotuí,104,2025,11,116117501,104012282,12105219
329,9,Dajabón,104,2025,11,18052303,21003071,-2950768
330,10,El Seibo,104,2025,11,12393692,27296023,-14902331
331,11,Hato Mayor,104,2025,11,14851822,24818638,-9966816
332,12,Higüey,104,2025,11,32647924,37390188,-4742264
333,13,La Vega,104,2025,11,79943682,166094213,-86150531
334,14,Mao Valverde,104,2025,11,105715117,206117734,-100402617
335,15,Moca,104,2025,11,66117761,69595774,-3478013
336,16,Monte Plata,104,2025,11,27867125,67580381,-39713256
337,17,Montecristí,104,2025,11,95310059,36068963,59241096
338,18,Nagua,104,2025,11,23205278,78408490,-55203212
339,19,Neyba,104,2025,11,12820029,9368241,3451788
340,20,Puerto Plata,104,2025,11,44986072,28564389,16421683
341,21,Río San Juan,104,2025,11,40861091,53757792,-12896701
342,22,Salcedo,104,2025,11,21559846,10299527,11260319
343,23,Samaná,104,2025,11,21995380,19535183,2460197
344,24,San Cristóbal,104,2025,11,7837457,8207880,-370423
345,25,San Francisco de Macorís,104,2025,11,72332524,79944349,-7611825
346,26,San José de Ocoa,104,2025,11,96963491,97081432,-117941
347,27,San José de las Matas,104,2025,11,17301104,13645243,3655861
348,28,San Juan de la Maguana,104,2025,11,96619055,40745280,55873775
349,29,Santiago,104,2025,11,124382164,53087192,71294972
350,30,Santiago Rodríguez,104,2025,11,32990784,20922636,12068148
351,31,Santo Domingo,104,2025,11,234286443,185353353,48933090
352,33,Villa Riva,104,2025,11,54060088,46180193,7879895
353,1,Arenoso,105,2025,12,161814271,47395977,114418294
354,2,Azua,105,2025,12,80669827,59135778,21534049
355,3,Baní,105,2025,12,464728531,114486494,350242037
356,4,Barahona,105,2025,12,35823074,19066509,16756565
357,5,Bonao,105,2025,12,45760661,68851311,-23090650
358,6,Comendador,105,2025,12,25082831,18946007,6136824
359,7,Constanza,105,2025,12,164931656,122040821,42890835
360,8,Cotuí,105,2025,12,163693520,102439797,61253723
361,9,Dajabón,105,2025,12,146434242,61512776,84921466
362,10,El Seibo,105,2025,12,24170470,38860153,-14689683
363,11,Hato Mayor,105,2025,12,48507325,75703869,-27196544
364,12,Higüey,105,2025,12,38890466,49135989,-10245523
365,13,La Vega,105,2025,12,172768286,245028631,-72260345
366,14,Mao Valverde,105,2025,12,187957008,219077602,-31120594
367,15,Moca,105,2025,12,230927970,94066181,136861789
368,16,Monte Plata,105,2025,12,56090250,38900761,17189489
369,17,Montecristí,105,2025,12,140119304,66352028,73767276
370,18,Nagua,105,2025,12,105505160,61318024,44187136
371,19,Neyba,105,2025,12,25368062,17548489,7819573
372,20,Puerto Plata,105,2025,12,86113053,40169763,45943290
373,21,Río San Juan,105,2025,12,48858038,39647307,9210731
374,22,Salcedo,105,2025,12,41100858,13569520,27531338
375,23,Samaná,105,2025,12,42023979,31139634,10884345
376,24,San Cristóbal,105,2025,12,69831722,18435210,51396512
377,25,San Francisco de Macorís,105,2025,12,182016546,121278696,60737850
378,26,San José de Ocoa,105,2025,12,139135154,85658776,53476378
379,27,San José de las Matas,105,2025,12,46544978,23438434,23106544
380,28,San Juan de la Maguana,105,2025,12,116844182,62763947,54080235
381,29,Santiago,105,2025,12,170922831,116198333,54724498
382,30,Santiago Rodríguez,105,2025,12,64806832,30761633,34045199
383,31,Santo Domingo,105,2025,12,393617155,142527915,251089240
384,33,Villa Riva,105,2025,12,143007485,36701973,106305512
385,1,Arenoso,106,2026,1,81303883,33864100,47439783
386,2,Azua,106,2026,1,34208799,32606295,1602504
387,3,Baní,106,2026,1,53761375,43233880,10527495
388,4,Barahona,106,2026,1,18319482,21529469,-3209987
389,5,Bonao,106,2026,1,17909543,28164955,-10255412
390,6,Comendador,106,2026,1,12602169,34307234,-21705065
391,7,Constanza,106,2026,1,50839402,58982308,-8142906
392,8,Cotuí,106,2026,1,92282274,52743123,39539151
393,9,Dajabón,106,2026,1,31120989,31588900,-467911
394,10,El Seibo,106,2026,1,32791921,18750337,14041584
395,11,Hato Mayor,106,2026,1,31025047,23909419,7115628
396,12,Higüey,106,2026,1,5635454,26124748,-20489294
397,13,La Vega,106,2026,1,256407712,205800057,50607655
398,14,Mao Valverde,106,2026,1,42791029,84740419,-41949390
399,15,Moca,106,2026,1,35368606,42174142,-6805536
400,16,Monte Plata,106,2026,1,36048912,46881381,-10832469
401,17,Montecristí,106,2026,1,50293115,49415729,877386
402,18,Nagua,106,2026,1,45940357,49306542,-3366185
403,19,Neyba,106,2026,1,15070943,21993381,-6922438
404,20,Puerto Plata,106,2026,1,42709313,55734223,-13024910
405,21,Río San Juan,106,2026,1,35535516,18067966,17467550
406,22,Salcedo,106,2026,1,25067390,33578737,-8511347
407,23,Samaná,106,2026,1,23139381,18355203,4784178
408,24,San Cristóbal,106,2026,1,66162960,22551321,43611639
409,25,San Francisco de Macorís,106,2026,1,260933663,387990824,-127057161
410,26,San José de Ocoa,106,2026,1,78538342,57389872,21148470
411,27,San José de las Matas,106,2026,1,43508643,19393694,24114949
412,28,San Juan de la Maguana,106,2026,1,29594710,33629861,-4035151
413,29,Santiago,106,2026,1,202773719,197378966,5394753
414,30,Santiago Rodríguez,106,2026,1,50123505,42216945,7906560
415,31,Santo Domingo,106,2026,1,94351587,361817830,-267466243
416,33,Villa Riva,106,2026,1,12428537,20623894,-8195357
417,1,Arenoso,107,2026,2,65894526,28372005,37522521
418,2,Azua,107,2026,2,20693089,35887059,-15193970
419,3,Baní,107,2026,2,41373563,31280249,10093314
420,4,Barahona,107,2026,2,8520026,10178063,-1658037
421,5,Bonao,107,2026,2,7598643,23545881,-15947238
422,6,Comendador,107,2026,2,15625938,19503326,-3877388
423,7,Constanza,107,2026,2,104588834,90674755,13914079
424,8,Cotuí,107,2026,2,64765704,81565970,-16800266
425,9,Dajabón,107,2026,2,16489416,16275855,213561
426,10,El Seibo,107,2026,2,11981371,11574929,406442
427,11,Hato Mayor,107,2026,2,36835297,99793247,-62957950
428,12,Higüey,107,2026,2,34622219,31730113,2892106
429,13,La Vega,107,2026,2,87006880,146877419,-59870539
430,14,Mao Valverde,107,2026,2,60672721,111179588,-50506867
431,15,Moca,107,2026,2,80315645,46146256,34169389
432,16,Monte Plata,107,2026,2,46304959,66001161,-19696202
433,17,Montecristí,107,2026,2,45692260,72124579,-26432319
434,18,Nagua,107,2026,2,82533377,58306483,24226894
435,19,Neyba,107,2026,2,16449023,15887625,561398
436,20,Puerto Plata,107,2026,2,37323013,40575331,-3252318
437,21,Río San Juan,107,2026,2,35136752,21659804,13476948
438,22,Salcedo,107,2026,2,34779611,16019093,18760518
439,23,Samaná,107,2026,2,22801119,19735343,3065776
440,24,San Cristóbal,107,2026,2,27630622,17533873,10096749
441,25,San Francisco de Macorís,107,2026,2,128531650,92624358,35907292
442,26,San José de Ocoa,107,2026,2,112072128,117045440,-4973312
443,27,San José de las Matas,107,2026,2,34385984,27848816,6537168
444,28,San Juan de la Maguana,107,2026,2,52931411,60165374,-7233963
445,29,Santiago,107,2026,2,86214120,97950313,-11736193
446,30,Santiago Rodríguez,107,2026,2,44641375,26585364,18056011
447,31,Santo Domingo,107,2026,2,164135733,217193874,-53058141
448,33,Villa Riva,107,2026,2,25290130,16598503,8691627
449,1,Arenoso,108,2026,3,27789150,33644975,-5855825
450,2,Azua,108,2026,3,32490266,24816358,7673908
451,3,Baní,108,2026,3,71145331,58188091,12957240
452,4,Barahona,108,2026,3,9808260,8653335,1154925
453,5,Bonao,108,2026,3,91599550,82025668,9573882
454,6,Comendador,108,2026,3,11238028,17436785,-6198757
455,7,Constanza,108,2026,3,204809350,134582324,70227026
456,8,Cotuí,108,2026,3,63584916,104034898,-40449982
457,9,Dajabón,108,2026,3,13902847,34525320,-20622473
458,10,El Seibo,108,2026,3,14790047,24358986,-9568939
459,11,Hato Mayor,108,2026,3,17222570,27446010,-10223440
460,12,Higüey,108,2026,3,38008801,45837367,-7828566
461,13,La Vega,108,2026,3,96825905,117414032,-20588127
462,14,Mao Valverde,108,2026,3,137812824,144349858,-6537034
463,15,Moca,108,2026,3,89574550,57361419,32213131
464,16,Monte Plata,108,2026,3,40669478,47897816,-7228338
465,17,Montecristí,108,2026,3,129626915,129434031,192884
466,18,Nagua,108,2026,3,17954641,34542917,-16588276
467,19,Neyba,108,2026,3,13472428,14435969,-963541
468,20,Puerto Plata,108,2026,3,52418994,40899498,11519496
469,21,Río San Juan,108,2026,3,29514006,21975683,7538323
470,22,Salcedo,108,2026,3,20057468,18654433,1403035
471,23,Samaná,108,2026,3,32651243,19784366,12866877
472,24,San Cristóbal,108,2026,3,27402500,29442681,-2040181
473,25,San Francisco de Macorís,108,2026,3,92828836,105963910,-13135074
474,26,San José de Ocoa,108,2026,3,32002333,75799933,-43797600
475,27,San José de las Matas,108,2026,3,25186201,24510590,675611
476,28,San Juan de la Maguana,108,2026,3,43566866,80050056,-36483190
477,29,Santiago,108,2026,3,207287410,143161800,64125610
478,30,Santiago Rodríguez,108,2026,3,64069447,38206487,25862960
479,31,Santo Domingo,108,2026,3,331430215,277923153,53507062
480,33,Villa Riva,108,2026,3,52650240,36534660,16115580
